index,best_treshold,best_f1
action,0.3,0.626726
adventure,0.2,0.469349
animation,0.1,0
biography,0.2,0.240964
comedy,0.3,0.657895
crime,0.3,0.56264
drama,0.4,0.8137
family,0.1,0.142857
fantasy,0.2,0.275304
history,0.1,0.0533333
horror,0.1,0.281481
music,0.1,0.161074
musical,0.1,0.117647
mystery,0.2,0.331392
romance,0.3,0.485282
sci-fi,0.4,0.572391
sport,0.1,0.244444
thriller,0.3,0.750186
war,0.2,0.273764
western,0.1,0.17284
