best_treshold,best_f1
0.3,0.6267260579064589
0.2,0.46934865900383144
0.1,0.0
0.2,0.2409638554216867
0.3,0.6578947368421053
0.3,0.5626398210290827
0.4,0.8137001332392819
0.1,0.14285714285714285
0.2,0.27530364372469635
0.1,0.05333333333333334
0.1,0.2814814814814815
0.1,0.16107382550335572
0.1,0.11764705882352941
0.2,0.3313922710428798
0.3,0.48528150900257216
0.4,0.5723905723905723
0.1,0.2444444444444444
0.3,0.7501861108156972
0.2,0.2737642585551331
0.1,0.17283950617283952
